REEF_NAME,GBR_sector,Sampling_trip,Date,SAMPLE_DATE,Year_of_collection,Month_of_collection,Lat,Long,Water,Sediment,COTS_per_tow,outbreak_status,HCC_manta,HCC_transect,community_type,Open_or_Closed_to_fishing,Additional_info,long_read_shortlist,WQ_Station_Name,Collection_method,Sample_collection_start,Depth,Latitude,Longitude,mean_T,median_T,p5_T,p95_T,lowest_T,highest_T,mean_S,median_S,p5_S,p95_S,lowest_S,highest_S,mean_Chlorophyll_A_µg_L,mean_Phaeophytin_A_µg_L,mean_PN_µM,mean_POC_µM,mean_PP_µM,mean_DOC_µM,mean_PO4_µM,mean_NH4_µM,mean_NO2_µM,mean_NO3_µM,mean_Si_µM,mean_TDN_µM,mean_TDP_µM,mean_TSS_mg_L,SAMPLE_DATE_broad,mean_Algae_cover,mean_Hard_coral_cover,mean_Soft_coral_cover,mean_Other_cover,date_diff_transect,SAMPLE_DATE_disease_bleaching,mean_Disease_collapsed,mean_Coral_bleaching,date_diff_disease,Year_of_collection.x,Month_of_collection.x,Year_of_collection.y,Month_of_collection.y,SAMPLE_DATE_manta,SECTOR,SHELF,MEAN_LIVE_CORAL,MEAN_SOFT_CORAL,MEAN_DEAD_CORAL,MEAN_COTS_PER_TOW,MEAN_TROUT_PER_TOW,date_diff_manta
11-049,North,First,11/25/2019,2019-11-25,2019,11,S11.35312,E143.32346,40L,400g,0,NO,3.106,14.6606719891522,Massive Porites & Alcyoniidae,C,,y,MBM003,Diving,14:51:00,-5.35,-11.35312,143.32346,27.2034427517022,27.2021618804427,27.1057535743154,27.3000547811257,27.1042032997761,27.3000547811257,35.5096413769264,35.5043018470827,35.4834634942547,35.5460879147345,35.4825790169124,35.5460879147345,0.257996666666667,0.268636666666667,1.48380666666667,11.5755566666667,0.0742,90.8333333333333,0.01,0.353333333333333,0.013333333333333,0.093333333333333,1.18,5.88,0.183333333333333,0.65,2019-11-26,61.1,14.78,0.89,23.22,1,2019-11-26,0.6,0,1,2019,11,2019,11,2019-11-26,CG,M,3.106,2.5,0.379,0,0.151515151515152,1
11-162,North,First,11/27/2019,2019-11-27,2019,11,S11.59805,E143.29448,40L,400g,0,NO,8.879,14.8376599517932,Massive Porites & Alcyoniidae,C,,y,MBM004,Diving,14:00:00,-5.35,-11.59805,143.29448,27.3697885807075,27.3341163709609,27.2862055394695,27.5195619494468,27.285954008798,27.5195619494468,35.6518813543296,35.6523268845967,35.6454458787374,35.6562858397655,35.6437344769862,35.6562858397655,0.207173333333333,0.20502,1.22666666666667,8.44777666666667,0.06397,87.4999966666667,0.026666666666667,0.316666666666667,0.03,0.123333333333333,1.14666666666667,5.59666666666667,0.19,0.793333333333333,2019-11-27,63.9566666666667,14.8366666666667,1.47,19.7333333333333,0,2019-11-27,0.533333333333333,0.2,0,2019,11,2019,11,2019-11-27,CG,M,8.879,2.586,0.172,0,0.448275862068966,0
13-124,North,First,12/9/2019,2019-12-09,2019,12,S13.85590,E144.09326,40L,400g,0.129,PO,20.544,25.5989787884056,Northern mixed,O,,y,MBM009,Diving,14:45:00,-5.35,-13.8559,144.09326,28.5587486753459,28.5628202936651,28.3460112663866,28.7477854485168,28.3387792293505,28.7477854485168,35.5100849519594,35.5133170399331,35.4694475175409,35.5530997354207,35.4685017052045,35.5530997354207,0.23617,0.206156666666667,1.33619333333333,9.89777666666667,0.062146666666667,81.11111,0.01,0.46,0.01,0.073333333333333,1.57333333333333,5.80333333333333,0.166666666666667,1.26,2019-12-09,49.4,25.6,10.99,14.01,0,2019-12-09,0.8,0.133333333333333,0,2019,12,2019,12,2019-12-08,PC,M,20.544,4.718,1.008,0.129,0.048387096774194,1
21-550,South,Second,1/13/2020,2020-01-13,2020,1,S21.96005,E152.31361,40L,400g,0,NO,45.988,52.2263223601495,Southern mixed,O,,y,MBM018,Diving,15:20:00,-5.35,-21.96005,152.31361,27.041488700922,27.0389879543314,26.9335176991824,27.158367023655,26.9326032195344,27.158367023655,35.5419995325284,35.5494161061483,35.5095403911761,35.5607158417572,35.5070594540585,35.5607158417572,0.06278,0.177936666666667,0.912383333333333,6.14778,0.02596,83.0555566666667,0.06,0.416666666666667,0.04,0.376666666666667,1.42333333333333,6.64,0.27,0.163333333333333,2020-01-13,53.64,45.67,0.59,0.1,0,2020-01-13,4.4,0.4,0,2020,1,2020,1,2020-01-13,SW,M,45.988,2.616,2.035,0,1.76744186046512,0
21-580,South,Second,1/18/2020,2020-01-18,2020,1,S21.94489,E152.58116,40L,400g,0.103,PO,2.845,1.74469054635014,Southern soft coral,C,we don't survey 21-580. The cruise log suggests it was Wade Reef (21-558) so have included ,y,MBM021,Diving,15:38:00,-5.35,-21.94489,152.58116,27.155758213906,27.1468324088367,27.0992440490942,27.2798809356547,27.099225369219,27.2798809356547,35.4086002800447,35.4107295059155,35.3903669279752,35.425737585997,35.3900402955146,35.425737585997,0.21764,0.23725,1.69333333333333,8.04222,0.043886666666667,72.7777766666667,0.016666666666667,0.72,0.03,0.19,NA,6.31666666666667,0.233333333333333,0.103333333333333,NA,NA,NA,NA,NA,NA,NA,NA,NA,NA,NA,NA,NA,NA,NA,NA,NA,NA,NA,NA,NA,NA,NA
22-084,South,Second,1/14/2020,2020-01-14,2020,1,S21.99809,E152.46706,40L,400g,2.9,AO,43.938,22.5059248041794,Southern Acropora,C,,y,MBM019,Diving,16:24:00,-5.35,-21.99809,152.46706,27.1261082181596,27.1365656583567,27.0460080263172,27.2033470609658,27.0457154570722,27.2033470609658,35.5019041541689,35.5026348179607,35.4925188821129,35.5106984120555,35.4917541806009,35.5106984120555,0.18565,0.144036666666667,1.03143,7.15888666666667,0.038773333333333,82.5,0.026666666666667,0.403333333333333,0.016666666666667,0.096666666666667,1.24,5.82,0.22,0.14,2020-01-14,70.28,24.04,2.3,3.38,0,2020-01-14,1.6,0,0,2020,1,2020,1,2020-01-15,SW,M,43.938,7.875,3.75,2.9,6.8,1
AGINCOURT1 REEF,Central,Third,2/8/2020,2020-02-08,2020,2,S16.04517,E145.86415,40L,400g,0,NO,25.078,23.1012280645325,Northern soft coral,C,,y,MBM024,Diving,16:10:00,-5.35,-16.04517,145.86415,30.0215216906303,30.0370130370497,29.6907805181636,30.3083364440416,29.65068789001,30.3083364440416,34.9563650971026,34.9530334176001,34.9422103340641,34.9854130101385,34.9420689223999,34.9854130101385,0.19133,0.19396,1.40285666666667,10.9033333333333,NA,68.88889,0.04,0.426666666666667,0.02,0.19,1.83,4.82333333333333,0.193333333333333,0.147036666666667,2020-02-09,63.9533333333333,23.1033333333333,10.3166666666667,2.63333333333333,1,2020-02-09,2.4,0,1,2020,2,2020,2,2020-02-08,CA,O,25.078,3.594,0.938,0,0.5625,0
ARLINGTON REEF,Central,Third,2/13/2020,2020-02-13,2020,2,S16.63941,E146.10280,40L,400g,0,NO,8.75,12.4801216422534,Northern soft coral,O,,y,MBM026,Diving,17:45:00,-5.35,-16.63941,146.1028,30.5766656901276,30.6557363920373,30.333737581762,30.79579429298,30.0711549565432,30.79579429298,34.8544153791545,34.8541390874633,34.8352566610223,34.9000866105994,34.8352176359379,34.9000866105994,0.211956666666667,0.39396,1.47428666666667,10.45889,0.088076666666667,66.3888866666667,0.036666666666667,1.35666666666667,0.066666666666667,0.64,2.78666666666667,5.58333333333333,0.153333333333333,1.69,2020-02-13,66.22,12.13,18.52,3.13,0,2020-02-13,4.8,0.2,0,2020,2,2020,2,2020-02-14,CA,M,8.75,13.958,0.375,0,0.033333333333333,1
BOULT REEF,South,Second,1/7/2020,2020-01-07,2020,1,S23.76276,E152.25743,40L,400g,0.045,NO,48.949,27.4489211885271,Southern Acropora,O,,y,MBM014,Diving,16:20:00,-5.35,-23.76276,152.25743,25.526416456399,25.5213751988597,25.4731195725827,25.6158609812211,25.4723786941065,25.6158609812211,35.5417348428321,35.5429358404259,35.5353184354947,35.5459907732196,35.5347036150679,35.5459907732196,0.06069,0.142363333333333,0.798096666666667,4.43111333333333,0.020876666666667,85,0.06,0.37,0.06,0.486666666666667,1.03666666666667,7.13666666666667,0.25,0.166666666666667,2020-01-07,68.2666666666667,27.4466666666667,1.85333333333333,2.43,0,2020-01-07,2.2,0.2,0,2020,1,2020,1,2020-01-06,CB,O,48.949,3.977,1.42,0.045,0.5,1
BROOMFIELD REEF,South,Second,1/10/2020,2020-01-10,2020,1,S23.2657,E151.9245,40L,400g,0,NO,51.675,59.3797599918527,Southern Acropora,O,,maybe,MBM017,Diving,15:20:00,-5.35,-23.2657,151.9245,26.6754232105704,26.7174299834132,26.4004126289684,26.8707391169576,26.3749550134967,26.8707391169576,35.7248871149276,35.7291255640028,35.6813556256041,35.7545753449668,35.6790890983509,35.7545753449668,0.22242,0.293093333333333,1.24571666666667,7.25333333333333,0.06105,72.7777766666667,0.03,0.47,0.04,0.226666666666667,1.98,6.35666666666667,0.203333333333333,0.323333333333333,2020-01-10,30.135,57.835,7.595,4.435,0,2020-01-10,2,0.2,0,2020,1,2020,1,2020-01-08,CB,O,51.675,6.8,0.65,0,0.3,2
CENTIPEDE REEF,Central,Fourth,7/16/2020,2020-07-16,2020,7,S18.73423,E147.55211,55L,400g,0.015,NO,14.216,19.0535884478659,Northern mixed,O,,n,MBM046,Boat,07:40:00,-5.35,-18.73423,147.55211,24.4312770312201,24.4344044250197,24.3645194327976,24.4954274586926,24.3603047161065,24.4954274586926,35.3137067720051,35.3157988762975,35.3031016595465,35.3218287516767,35.3028388755342,35.3218287516767,0.138413333333333,0.106246666666667,0.55048,4.54777666666667,0.026633333333333,72.7133333333333,0.076666666666667,0.086666666666667,0.023333333333333,0.093333333333333,1.4,5.31333333333333,0.256666666666667,0.05,2020-06-12,68.61,20.15,3.83,7.41,34,2020-06-12,1.8,2.2,34,2020,7,2020,6,2020-06-12,TO,M,14.216,2.687,1.53,0.015,0.238805970149254,34
CHICKEN REEF,Central,Fourth,7/13/2020,2020-07-13,2020,7,S18.65388,E147.71591,55L,400g,0,NO,22.104,37.5299057410357,Northern soft coral,O,,y,MBM042,Boat,07:50:00,-5.35,-18.65388,147.71591,24.6841235501347,24.6586257399449,24.5603314449957,24.8109431665941,24.5432044045993,24.8109431665941,35.2766225698203,35.2850539178315,35.2515607062495,35.2963205865454,35.2507972707138,35.2963205865454,0.096563333333333,0.103616666666667,0.45524,3.84777666666667,0.013203333333333,64.11,0.126666666666667,0.11,0.01,0.616666666666667,2.66333333333333,5.05333333333333,0.273333333333333,0.076666666666667,2020-05-28,53.5733333333333,37.53,7.14333333333333,1.75666666666667,46,2020-05-28,0.733333333333333,1,46,2020,7,2020,5,2020-05-28,TO,O,22.104,3.11,1.402,0,0.24390243902439,46
CHINAMAN REEF,South,Second,1/16/2020,2020-01-16,2020,1,S21.99904,E152.65945,40L,400g,3.447,AO,4.474,15.3381545488838,Southern soft coral,O,,y,MBM020,Diving,16:24:00,-5.35,-21.99904,152.65945,26.9813588942526,26.9445164535075,26.8854671862325,27.180999419697,26.8793544397449,27.180999419697,35.4239823180233,35.4299460237487,35.3955554693599,35.4401422966298,35.392057779848,35.4401422966298,0.16622,0.207233333333333,1.11714333333333,6.75333333333333,0.04498,70.5555566666667,0.043333333333333,1.05,0.046666666666667,0.223333333333333,1.01666666666667,7.22,0.253333333333333,0.05,2020-01-16,61.0366666666667,15.34,20.4333333333333,3.19333333333333,0,2020-01-16,0.866666666666667,0,0,2020,1,2020,1,2020-01-18,SW,M,4.474,17.796,1.25,3.447,1.94736842105263,2
CORBETT REEF,North,First,12/6/2019,2019-12-06,2019,12,S13.92542,E144.24026,40L,400g,0,NO,10.3,22.3712977722158,Northern mixed,C,,y,MBM008,Diving,16:55:00,-5.35,-13.92542,144.24026,28.5321714378107,28.5323997537725,28.4238064105861,28.7174222897583,28.4161582995757,28.7174222897583,35.4905648792182,35.4909228494987,35.4747163917048,35.5095383003594,35.4740224535149,35.5095383003594,0.075633333333333,0.15719,1.07904666666667,6.75333666666667,0.039136666666667,81.1111133333333,0.083333333333333,0.526666666666667,0.066666666666667,0.886666666666667,1.95333333333333,6.15,0.233333333333333,0.47,2019-12-07,58.3866666666667,22.37,1.71333333333333,17.5266666666667,1,2019-12-07,2.8,0,1,2019,12,2019,12,2019-12-06,PC,M,10.3,2.375,1.075,0,0.5,0
DAVIE REEF,North,First,12/5/2019,2019-12-05,2019,12,S13.96599,E144.44693,40L,400g,0,NO,24.439,28.9552314326305,Northern Acropora,O,,y,MBM007,Diving,15:00:00,-5.35,-13.96599,144.44693,28.3544319714481,28.3399964219936,28.1412684197959,28.7438203336262,28.138800370021,28.7438203336262,35.4024892837155,35.4034763651031,35.3867965141974,35.4216903094516,35.386209456003,35.4216903094516,0.15456,0.164366666666667,1.27428666666667,6.33111,0.031836666666667,81.66667,0.056666666666667,0.46,0.02,0.22,1.19,4.67333333333333,0.186666666666667,0.223333333333333,2019-12-05,65.2733333333333,28.9566666666667,3.41333333333333,2.35333333333333,0,2019-12-05,3.26666666666667,0.4,0,2019,12,2019,12,2019-12-06,PC,O,24.439,2.806,1.122,0,0.428571428571429,1
ERSKINE REEF,South,Second,1/9/2020,2020-01-09,2020,1,S23.504,E151.770,40L,400g,0,NO,41.974,29.9177569506628,Southern mixed,C,,y,MBM016,Diving,16:48:00,-5.35,-23.504,151.77,27.038757045904,27.0282937820655,26.9385656142454,27.1573778368165,26.9289739523757,27.1573778368165,35.789427295096,35.7878693790177,35.7803539976161,35.8002265790831,35.7803227771997,35.8002265790831,0.309713333333333,0.381943333333333,1.48857333333333,9.93667,0.073103333333333,84.7222233333333,0.026666666666667,0.586666666666667,0.03,0.206666666666667,1.68666666666667,7.49333333333333,0.193333333333333,0.076666666666667,2020-01-09,46.09,21.65,5.5,26.76,0,2020-01-09,1.6,0.8,0,2020,1,2020,1,2020-01-08,CB,O,41.974,3.553,0.526,0,1.78947368421053,1
FAIRFAX REEF,South,Second,1/4/2020,2020-01-04,2020,1,S23.86598,E152.35922,40L,400g,0,NO,39.281,27.041189861019,Southern Acropora,C,,n,MBM012,Diving,15:10:00,-5.35,-23.86598,152.35922,25.5202827567581,25.5044882120951,25.4700359456005,25.6151087549458,25.4677078239116,25.6151087549458,35.5189851701344,35.5189941590845,35.5175504217613,35.5201389483872,35.5169825200689,35.5201389483872,0.0849,0.105233333333333,0.907616666666667,6.84222333333333,0.030373333333333,97.5,0.056666666666667,0.473333333333333,0.046666666666667,0.35,1.04666666666667,6.27333333333333,0.266666666666667,0.226666666666667,2020-01-04,68.405,25.7,2.74,3.155,0,2020-01-04,0.6,0.1,0,2020,1,2020,1,2020-01-04,CB,O,39.281,6.688,1.125,0,1.275,0
FARQUAHARSON REEF,Central,Third,2/24/2020,2020-02-24,2020,2,S17.78960,E146.53186,40L,400g,0,NO,9.331,8.02431111098816,Northern mixed,O,,n,MBM033,Diving,15:54:00,NA,NA,NA,NA,NA,NA,NA,NA,NA,NA,NA,NA,NA,NA,NA,0.42212,0.484063333333333,1.23619333333333,7.72,NA,62.5,0.056666666666667,0.86,0.08,1.08333333333333,2,6.71666666666667,0.193333333333333,0.09,2020-02-24,84.095,8.89,2.82,4.195,0,2020-02-24,0.7,1.2,0,2020,2,2020,2,2020-02-24,IN,M,9.331,2.711,0.458,0,0.084507042253521,0
FEATHER REEF,Central,Third,2/23/2020,2020-02-23,2020,2,S17.57812,E146.38676,40L,400g,0,NO,8.315,23.6486437697361,Northern mixed,C,,n,MBM032,Diving,16:58:00,-5.35,-17.57812,146.38676,30.1820487193803,30.2133768367018,30.0477837848956,30.271979247777,30.0451933057291,30.271979247777,34.5911356767096,34.6029655467087,34.4948325430353,34.6878367549659,34.4870757246979,34.6878367549659,0.768303333333333,0.64514,1.41714666666667,10.63111,0.06556,70.27778,0.01,0.396666666666667,0.046666666666667,0.163333333333333,2.68666666666667,6.14333333333333,0.156666666666667,0.243333333333333,2020-02-23,63.1033333333333,23.65,10.7966666666667,2.45333333333333,0,2020-02-23,0.733333333333333,1.66666666666667,0,2020,2,2020,2,2020-02-23,IN,M,8.315,3.859,0.652,0,0.304347826086956,0
FORE&AFT REEF,Central,Fourth,7/10/2020,2020-07-10,2020,7,S18.47656,E147.05325,55L,400g,NA,,NA,28.4444728078094,Northern Acropora,O,not manta towed this year,n,MBM038,Boat,08:15:00,-5.35,-18.47656,147.05325,24.5639963792671,24.5741924906379,24.4315170785775,24.7023903214845,24.427479480887,24.7023903214845,35.3042493432776,35.3046915858411,35.2999486878761,35.3081452743126,35.2997039659922,35.3081452743126,0.127053333333333,0.110433333333333,0.702856666666667,5.04778,0.01214,68.55,0.083333333333333,0.046666666666667,0.01,0.126666666666667,1.96333333333333,4.22666666666667,0.236666666666667,0.136666666666667,2020-06-02,58.2533333333333,28.4433333333333,3.65666666666667,9.65333333333333,38,2020-06-02,2,0.2,38,2020,7,2018,4,2018-04-21,TO,M,25.991,2.264,1.887,0.019,0.169811320754717,811
FORK REEF,Central,Fourth,7/14/2020,2020-07-14,2020,7,S18.6065,E147.5709,55L,400g,0,NO,35.811,26.7268337469378,Northern mixed,C,,n,MBM044,Boat,13:40:00,-5.35,-18.6065,147.5709,24.4326097485926,24.4230258466685,24.3869026830356,24.5103098359101,24.3825867467908,24.5103098359101,35.3167488907008,35.3168630720394,35.3117269900348,35.3208921879717,35.3109373808918,35.3208921879717,0.104633333333333,0.087296666666667,0.45524,3.16444333333333,0.01577,70.2166666666667,0.093333333333333,0.103333333333333,0.01,0.163333333333333,1.05666666666667,4.68,0.256666666666667,0.19,2020-05-30,58.8366666666667,26.7266666666667,2.11333333333333,12.3233333333333,45,2020-05-30,1.2,1.2,45,2020,7,2020,5,2020-05-30,TO,O,35.811,3.446,1.689,0,1.32432432432432,45
GRUB REEF,Central,Fourth,7/16/2020,2020-07-16,2020,7,S18.62166,E147.43341,55L,400g,0,NO,12.843,7.31441923034349,Northern mixed,O,,y,MBM047,Boat,14:20:00,-5.35,-18.62166,147.43341,24.6207470144067,24.621248323217,24.557128431642,24.6628144967152,24.5461506406139,24.6628144967152,35.259684373229,35.2630670909399,35.2484479823376,35.2655539510469,35.24798208226,35.2655539510469,0.104633333333333,0.089446666666667,0.502856666666667,3.22,0.018463333333333,70.22,0.106666666666667,0.213333333333333,0.01,0.323333333333333,1.03,6.08,0.27,0.156666666666667,2020-06-10,81.09,9.08,1.245,8.59,36,2020-06-10,0.3,3.7,36,2020,7,2020,6,2020-06-12,TO,M,12.843,2.5,0.931,0,0.173076923076923,34
HASTINGS REEF,Central,Third,2/12/2020,2020-02-12,2020,2,S16.50097,E146.01590,40L,400g,0,NO,4.331,12.2148354156362,Northern soft coral,C,,n,MBM025,Diving,16:35:00,-5.35,-16.50097,146.0159,30.4643433685627,30.5356883687003,30.0628010365093,30.6659421073419,29.9977818613567,30.6659421073419,34.8353507546712,34.8329270632199,34.7990396027978,34.8925387455272,34.7979303188597,34.8925387455272,0.149776666666667,0.203583333333333,1.30285666666667,9.74777666666667,0.149883333333333,65.27778,0.02,0.253333333333333,0.023333333333333,0.2,1.56666666666667,4.57333333333333,0.15,NA,2020-02-12,74.23,11.22,10.305,4.25,0,2020-02-12,3.7,0.3,0,2020,2,2020,2,2020-02-12,CA,M,4.331,5.246,0.246,0,0.450704225352113,0
HEDLEY REEF,Central,Third,2/19/2020,2020-02-19,2020,2,S17.22383,E146.47433,40L,400g,0,NO,6.047,4.97417470036947,Northern mixed,C,,n,MBM029,Diving,16:45:00,-5.35,-17.22383,146.47433,30.6421662455431,30.6201284001915,30.5322488384345,30.8126648021337,30.5222461718155,30.8126648021337,34.8181693633931,34.8293427641268,34.7585671904014,34.859288134712,34.7552691299507,34.859288134712,0.493866666666667,0.42559,1.66476333333333,12.9977766666667,0.07347,67.5,0.01,0.543333333333333,0.01,0.063333333333333,NA,5.82666666666667,0.133333333333333,0.3,2020-02-19,85.525,5.665,4.58,4.23,0,2020-02-19,0.2,1,0,2020,2,2020,2,2020-02-19,IN,O,6.047,5.203,1.554,0,0.391891891891892,0
HELIX REEF,Central,Fourth,7/17/2020,2020-07-17,2020,7,S18.62552,E147.29475,55L,400g,0,NO,49.25,31.2316088663359,Northern Acropora,C,,n,MBM048,Boat,07:45:00,-5.35,-18.62552,147.29475,24.5568201563472,24.5328021534764,24.4530421531713,24.738238597784,24.4522822617894,24.738238597784,35.2612961738789,35.2682375079995,35.2314816492857,35.2819992116766,35.2312790949525,35.2819992116766,0.083706666666667,0.081673333333333,0.474283333333333,2.79778,0.02166,74.1,0.096666666666667,0.163333333333333,0.01,0.11,1.47,5.34666666666667,0.27,0.076666666666667,2020-06-08,61.67,31.275,2.48,4.575,39,2020-06-08,1.3,1.4,39,2020,7,2020,6,2020-06-08,TO,M,49.25,3.167,2,0,0.266666666666667,39
HOSKYN REEF,South,Second,1/5/2020,2020-01-05,2020,1,S23.80801,E152.28360,40L,400g,0,NO,47.765,28.9112636031727,Southern Acropora,C,,y,MBM013,Diving,16:02:00,-5.35,-23.80801,152.2836,25.5983040495897,25.601014455321,25.573588319574,25.6279238434416,25.5717597011439,25.6279238434416,35.5191099004185,35.519096852706,35.5154038255006,35.5243614084775,35.5137789054766,35.5243614084775,0.107323333333333,0.12837,0.788573333333333,6.80889,0.033876666666667,89.16667,0.056666666666667,0.54,0.046666666666667,0.336666666666667,1.37333333333333,5.79,0.213333333333333,0.103333333333333,2020-01-05,49.14,43.96,6.03,0.88,0,2020-01-05,2.2,0,0,2020,1,2020,1,2020-01-06,CB,O,47.765,4.167,1.591,0,1.27272727272727,1
JOHN BREWER REEF,Central,Fourth,7/11/2020,2020-07-11,2020,7,S18.61726,E147.07521,55L,400g,0,NO,13.333,9.26319611981451,Northern Acropora,O,,n,MBM040,Boat,07:50:00,-5.35,-18.61726,147.07521,24.5984044369371,24.5632745800349,24.4949941860926,24.7413280951197,24.490871159054,24.7413280951197,35.2911967595646,35.291226130764,35.289704655294,35.2928978333269,35.289680536097,35.2928978333269,0.064576666666667,0.078563333333333,0.36,2.70888666666667,0.01137,64.39,0.116666666666667,0.13,0.01,0.356666666666667,1.91333333333333,5.07666666666667,0.266666666666667,0.07,2020-06-07,78.14,7.29,1.8,12.77,34,2020-06-07,0.6,0,34,2020,7,2020,6,2020-06-07,TO,M,13.333,2.767,1.467,0,0.093333333333333,34
KELSO REEF,Central,Fourth,7/9/2020,2020-07-09,2020,7,S18.42411,E146.98581,55L,400g,0.136,PO,32.822,19.6221527303394,Northern mixed,C,,maybe,MBM036,Boat,08:30:00,-5.35,-18.42411,146.98581,24.5187418454457,24.5274962202276,24.4282440224327,24.6057317629771,24.4281023992329,24.6057317629771,35.2894686552108,35.2893451050985,35.2843350630853,35.2989665205021,35.2843091826197,35.2989665205021,0.104633333333333,0.091956666666667,0.431426666666667,3.00889,0.009963333333333,68.2733333333333,0.096666666666667,0.136666666666667,0.01,0.276666666666667,2.27333333333333,5.76666666666667,0.263333333333333,0.206666666666667,2020-05-31,62.3466666666667,19.62,9.11,8.91666666666667,39,2020-05-31,1.4,0.8,39,2020,7,2020,6,2020-06-04,TO,M,32.822,2.992,1.212,0.136,0.393939393939394,35
KNIFE REEF,Central,Fourth,7/14/2020,2020-07-14,2020,7,S18.57226,E147.57555,55L,400g,0,NO,28.78,38.8443726769573,Northern mixed,C,,n,MBM043,Boat,07:45:00,-5.35,-18.57226,147.57555,24.4738996393803,24.4705635529476,24.4562916301014,24.5028001860622,24.4542587786089,24.5028001860622,35.3126296286805,35.314511988122,35.3064941219988,35.3187259267649,35.3064608633906,35.3187259267649,0.09626,0.11432,0.421906666666667,3.94777666666667,0.011003333333333,65.5,0.11,0.116666666666667,0.01,0.393333333333333,1.50333333333333,5.51,0.3,0.170176666666667,2020-05-29,51.9833333333333,38.8433333333333,5.58,3.59,46,2020-05-29,1.26666666666667,1.26666666666667,46,2020,7,2020,5,2020-05-29,TO,O,28.78,2.5,2.619,0,0.547619047619048,46
LAGOON REEF,North,First,12/1/2019,2019-12-01,2019,12,S12.38134,E143.75682,40L,400g,0,NO,39.227,30.6113513396649,Northern Acropora,O,,y,MBM006,Diving,15:00:00,-5.35,-12.38134,143.75682,27.3533646395926,27.3919828726294,27.2015998305401,27.4479143350844,27.1960595038444,27.4479143350844,35.3411811032383,35.3513786789864,35.3101795081179,35.3743852614103,35.3101387552812,35.3743852614103,0.162333333333333,0.16269,1.44095333333333,6.73111,0.04356,86.9444433333333,0.046666666666667,0.253333333333333,0.023333333333333,0.236666666666667,1.36333333333333,5.06333333333333,NA,0.05,2019-12-01,64.74,27.5733333333333,2.90333333333333,4.78666666666667,0,2019-12-01,4.73333333333333,0.466666666666667,0,2019,12,2019,11,2019-11-29,CG,O,39.227,4.364,1.5,0,0.127272727272727,2
LITTLE KELSO REEF,Central,Fourth,7/8/2020,2020-07-08,2020,7,S18.46205,E146.99845,55L,400g,0.031,NO,14.492,35.0266115408071,Northern Acropora,C,,n,MBM035,Boat,15:45:00,-5.35,-18.46205,146.99845,24.4987127124622,24.5014453351452,24.4258679218215,24.600333167953,24.423095226442,24.600333167953,35.2831308980552,35.2822710483967,35.2778354942373,35.2891458141139,35.2777389144988,35.2891458141139,0.126456666666667,0.09955,0.53619,4.95333333333333,0.019436666666667,71.8833333333333,0.083333333333333,0.11,0.01,0.143333333333333,2.72333333333333,5.13333333333333,0.256666666666667,0.186666666666667,2020-06-01,45.17,49.21,2.265,3.355,37,2020-06-01,3.9,0.1,37,2020,7,2020,6,2020-06-03,TO,M,14.492,2.813,0.781,0.031,0.125,35
LYNCHS REEF,Central,Fourth,7/15/2020,2020-07-15,2020,7,S18.73288,E147.72155,55L,400g,NA,,NA,18.3407424763667,Northern Acropora,C,not manta towed this year,n,MBM045,Boat,08:00:00,-5.35,-18.73288,147.72155,24.2303102463445,24.2127767543621,24.1750647368661,24.3533624526833,24.1724276842362,24.3533624526833,35.3101876378562,35.3098438130331,35.3068536209374,35.3162660702991,35.3067354453054,35.3162660702991,0.13931,0.13656,0.53143,3.17,0.025666666666667,61.8866666666667,0.1,0.116666666666667,0.01,0.283333333333333,1.35666666666667,4.26333333333333,0.256666666666667,0.076666666666667,2020-06-13,71.1233333333333,18.34,2.60666666666667,7.93666666666667,32,NA,NA,NA,NA,2020,7,2010,4,2010-04-15,TO,M,4.609,2.852,0.664,0,0.84375,3744
MANTIS REEF,North,First,11/29/2019,2019-11-29,2019,11,S12.34570,E143.86740,40L,400g,0,NO,21.667,29.2025137219467,Northern mixed,C,,y,MBM005,Diving,15:00:00,-5.35,-12.3457,143.8674,27.3109487922505,27.2727787997514,27.1376589949267,27.5292157442412,27.1371297078377,27.5292157442412,35.2795617458956,35.2770710730751,35.2729796290486,35.2872898674571,35.2728236013224,35.2872898674571,0.15366,0.186426666666667,0.855236666666667,5.09222333333333,0.02355,81.9444433333333,0.083333333333333,0.546666666666667,0.023333333333333,0.39,1.44,4.78666666666667,0.226666666666667,0.093333333333333,2019-11-30,64.8566666666667,29.2,1.38333333333333,4.55333333333333,1,2019-11-30,2.93333333333333,0.4,1,2019,11,2019,11,2019-11-29,CG,O,21.667,7.361,1.875,0,0.416666666666667,0
MASTHEAD REEF,South,Second,1/8/2020,2020-01-08,2020,1,S23.53219,E151.72284,40L,400g,0,NO,38.212,21.7138310025188,Southern mixed,O,,y,MBM015,Diving,16:50:00,-5.35,-23.53219,151.72284,27.0015519244486,26.9744398304196,26.9052935176472,27.1501661471238,26.9007450471321,27.1501661471238,35.7850196074307,35.7847461395821,35.7809252014775,35.7911976638101,35.7795665136985,35.7911976638101,0.240653333333333,0.277723333333333,1.37904666666667,9.60889,0.073836666666667,87.5,0.03,0.3,0.053333333333333,0.49,1.05666666666667,6.83333333333333,0.19,0.123333333333333,2020-01-09,53.6966666666667,21.7133333333333,5.09333333333333,19.4933333333333,1,2020-01-09,0.666666666666667,0.066666666666667,1,2020,1,2020,1,2020-01-08,CB,O,38.212,2.423,1.115,0,0.415384615384615,0
MCCULLOCH REEF,Central,Third,2/20/2020,2020-02-20,2020,2,S17.20274,E146.47807,40L,400g,0,NO,3.589,4.34966531279848,Northern soft coral,O,,n,MBM030,Diving,15:43:00,-5.35,-17.20274,146.47807,30.6357296887397,30.6303987676691,30.4826069012414,30.8450156299274,30.4736272330804,30.8450156299274,34.8616808179777,34.8673317489969,34.8178240706704,34.8910857313524,34.8154482792189,34.8910857313524,0.229296666666667,0.4907,1.36476333333333,NA,0.0563,65.83333,0.01,1.17,0.026666666666667,0.246666666666667,2.17666666666667,5.18,0.126666666666667,0.106666666666667,2020-02-20,75.92,3.795,17.15,3.14,0,2020-02-20,0.8,0.9,0,2020,2,2020,2,2020-02-21,IN,M,3.589,4.604,1.955,0,0.188118811881188,1
MCSWEENEY REEF,North,First,11/23/2019,2019-11-23,2019,11,S11.01980,E143.24783,40L,400g,0.138,PO,2.845,8.52028722419933,Massive Porites & Alcyoniidae,O,,y,MBM001,Diving,16:45:00,-5.35,-11.0198,143.24783,26.9379648142145,26.9127749281183,26.8609795884926,27.0396603826149,26.8583426909391,27.0396603826149,35.4967603465855,35.4989640209926,35.483916654251,35.5106334663588,35.4827549132875,35.5106334663588,0.18625,0.15707,1.66476333333333,12.3255566666667,0.096476666666667,NA,0.053333333333333,0.423333333333333,0.026666666666667,0.513333333333333,NA,5.58333333333333,0.176666666666667,0.486666666666667,2019-11-23,70.6,8.73,0.91,19.76,0,2019-11-23,0.2,0.4,0,2019,11,2019,11,2019-11-23,CG,M,2.845,2.414,0.69,0.138,0.137931034482759,0
MONSOON REEF,North,First,11/24/2019,2019-11-24,2019,11,S11.12721,E143.26387,40L,400g,0.042,NO,7.188,11.268484591474,Massive Porites & Alcyoniidae,O,,y,MBM002,Diving,17:00:00,-5.35,-11.12721,143.26387,27.0644915687569,27.053168497803,26.9649580309605,27.2081286205744,26.955459043671,27.2081286205744,35.5338623585624,35.5321051219739,35.5195731238265,35.5556465708075,35.5181003512579,35.5556465708075,0.257993333333333,0.219846666666667,1.59809666666667,11.3866666666667,0.07347,89.4444433333333,0.043333333333333,0.41,0.013333333333333,0.15,1.07666666666667,5.7,0.176666666666667,0.62,2019-11-24,57.79,15.95,0.9,25.36,0,2019-11-24,0.4,0,0,2019,11,2019,11,2019-11-24,CG,M,7.188,2.5,0.625,0.042,0.083333333333333,0
MOORE REEF,Central,Third,2/16/2020,2020-02-16,2020,2,S16.84740,E146.23148,40L,400g,0,NO,7.097,15.0265963494742,Northern soft coral,C,,n,MBM028,Diving,15:45:00,-5.35,-16.8474,146.23148,30.4794657649237,30.4119682088339,30.224125718452,30.7171166415023,30.2164766112479,30.7171166415023,34.8145767534421,34.8166863218234,34.8032043332697,34.8284163361319,34.8028976974958,34.8284163361319,0.196413333333333,0.164126666666667,1.23143,8.83666333333333,0.056306666666667,72.77778,0.01,0.223333333333333,0.026666666666667,0.08,2.55666666666667,5.72,0.176666666666667,0.463333333333333,2020-02-16,62.19,15.0266666666667,18.3766666666667,4.40333333333333,0,2020-02-16,0.666666666666667,0.933333333333333,0,2020,2,2020,2,2020-02-17,IN,M,7.097,4.919,0.403,0,0.483870967741935,1
MYRMIDON REEF,Central,Fourth,7/12/2020,2020-07-12,2020,7,S18.2575,E147.38445,55L,400g,0,NO,17.65,33.716356956001,Northern soft coral,C,,y,MBM041,Boat,07:45:00,-5.35,-18.2575,147.38445,25.2612159029457,25.2705614018411,25.2361288766787,25.280782209386,25.2338693322037,25.280782209386,35.159693638684,35.1594951061168,35.1569953879155,35.1634054270974,35.1568752323179,35.1634054270974,0.080716666666667,0.063856666666667,0.53619,3.58111333333333,0.00924,74.6533333333333,0.076666666666667,0.05,0.01,0.043333333333333,1.79333333333333,5.28333333333333,0.27,0.05,2020-05-27,56.9566666666667,33.7166666666667,3.99666666666667,5.32666666666667,46,2020-05-27,0.6,12.0666666666667,46,2020,7,2020,5,2020-05-27,TO,O,17.65,2.35,1.95,0,0.403846153846154,46
NORTH REEF,South,Second,1/21/2020,2020-01-21,2020,1,S23.1775,E151.90408,40L,400g,0,NO,41.689,36.8630596800798,Southern mixed,C,,y,MBM023,Diving,16:10:00,-5.35,-23.1775,151.90408,27.1171962410243,27.1381777052393,26.8208575411577,27.3825510430102,26.8065893764049,27.3825510430102,35.7251557381525,35.725706760121,35.703203719672,35.7500788638861,35.7020480097111,35.7500788638861,0.13722,0.14045,1.80762,9.39222333333333,0.079126666666667,75.5555566666667,0.033333333333333,0.696666666666667,0.033333333333333,0.38,1.23,NA,0.21,0.13,2020-01-21,57.6366666666667,36.86,4.31,1.19333333333333,0,2020-01-21,1.8,0,0,2020,1,2020,1,2020-01-21,CB,O,41.689,8.041,1.959,0,1,0
PEART REEF,Central,Third,2/21/2020,2020-02-21,2020,2,S17.46753,E146.40219,40L,400g,0,NO,8.01,14.0041942074951,Northern mixed,O,,n,MBM031,Diving,16:30:00,-5.35,-17.46753,146.40219,30.3290103418084,30.3918126900141,29.7460483454307,30.8013938430087,29.7358428773923,30.8013938430087,34.8372734824239,34.8369626109405,34.7800968538518,34.9283890581024,34.7484954032256,34.9283890581024,0.303136666666667,0.330403333333333,1.18381,10.4922233333333,0.051626666666667,64.4444433333333,0.01,0.903333333333333,0.02,0.16,1.67,5.48666666666667,0.136666666666667,0.14,2020-02-21,70.12,12.52,8.06,9.3,0,2020-02-21,1,1,0,2020,2,2020,2,2020-02-22,IN,M,8.01,2.806,0.612,0,0.122448979591837,1
RIB REEF,Central,Fourth,7/10/2020,2020-07-10,2020,7,S18.4731,E146.87271,55L,400g,0,NO,8.047,5.47823263082776,Northern Acropora,O,,n,MBM039,Boat,14:00:00,-5.35,-18.4731,146.87271,24.2525709281625,24.2584737551791,24.1622264486513,24.3448319197932,24.1600995885708,24.3448319197932,35.2538181321806,35.2553741882756,35.2455401367612,35.2586236775675,35.2450162610951,35.2586236775675,0.09656,0.06882,0.51714,3.43666333333333,0.016503333333333,72.16,0.08,0.116666666666667,0.01,0.14,NA,5.84333333333333,0.25,0.116666666666667,2020-05-26,83.95,5.48,4.3,6.24,45,2020-05-26,0.333333333333333,0.533333333333333,45,2020,7,2020,5,2020-05-25,TO,M,8.047,2.5,0.703,0,0.0625,46
ROXBURGH REEF,Central,Fourth,7/9/2020,2020-07-09,2020,7,S18.43503,E147.0545,55L,400g,0,NO,34.674,19.0494560118277,Northern mixed,O,,n,MBM037,Boat,14:15:00,-5.35,-18.43503,147.0545,24.6558833980818,24.6642460012089,24.5575204435077,24.7678028404107,24.5571818651713,24.7678028404107,35.3027283611919,35.3026480576447,35.2997686085319,35.3056642967913,35.2993309178191,35.3056642967913,0.151566666666667,0.118926666666667,0.569523333333333,3.87555666666667,0.020536666666667,71.6033333333333,0.086666666666667,0.166666666666667,0.01,0.156666666666667,2.06666666666667,4.99,0.253333333333333,0.05,2020-06-02,75.25,10.67,5.88,8.1,37,2020-06-02,0.8,0.2,37,2020,7,2020,6,2020-06-14,TO,M,34.674,3.152,1.087,0,0.173913043478261,25
SANBANK 1 REEF,North,First,12/11/2019,2019-12-11,2019,12,S14.20223,E144.87929,40L,400g,0,NO,25.658,30.574396629083,Northern Acropora,C,,y,MBM010,Diving,14:36:00,-5.35,-14.20223,144.87929,27.7011973316693,27.7916670819865,27.2961395587937,28.0079165435375,27.2784956737697,28.0079165435375,35.3289113280854,35.3305610737836,35.3180701005539,35.3394315624899,35.3179242384385,35.3394315624899,0.136023333333333,0.121913333333333,0.698096666666667,4.67000333333333,0.032566666666667,80.27778,0.046666666666667,0.263333333333333,0.013333333333333,0.116666666666667,1.80666666666667,4.81333333333333,0.19,0.206666666666667,2019-12-11,59.43,30.5733333333333,6.84333333333333,3.15,0,2019-12-11,0.733333333333333,0.266666666666667,0,2019,12,2019,12,2019-12-11,PC,O,25.658,2.895,0.724,0,0.815789473684211,0
SMALL LAGOON REEF,South,Second,1/20/2020,2020-01-20,2020,1,S21.86969,E152.50674,40L,400g,4.13,AO,24.946,30.1459115496512,Southern Acropora,O,,y,MBM022,Diving,15:50:00,-5.35,-21.86969,152.50674,27.6242939509796,27.7171325311939,27.3577454327498,27.8127898084215,27.3386290611788,27.8127898084215,35.4961855258211,35.4961291646885,35.4747838331425,35.5184515985668,35.4743902966544,35.5184515985668,0.098356666666667,0.149896666666667,2.06952333333333,8.79777666666667,0.034786666666667,81.9444433333333,0.056666666666667,0.986666666666667,0.043333333333333,0.606666666666667,1.54,7.2,0.23,0.206666666666667,2020-01-20,64.6133333333333,30.1466666666667,1.12666666666667,4.11666666666667,0,2020-01-20,1.2,0,0,2020,1,2020,1,2020-01-20,SW,M,24.946,2.609,3.315,4.13,0.456521739130435,0
ST CRISPIN REEF,North,First,12/13/2019,2019-12-13,2019,12,S16.07261,E145.84686,40L,400g,0,NO,8.174,19.5022309385503,Northern soft coral,O,,n,MBM011,Diving,15:00:00,-5.35,-16.07261,145.84686,27.7649683597067,27.7251129395226,27.6380095989937,27.9950963865219,27.6304925493021,27.9950963865219,35.221035233116,35.2213252767199,35.2142265243304,35.2269369199294,35.2106635070778,35.2269369199294,0.173693333333333,0.177516666666667,0.83619,5.42555333333333,0.03439,86.1111133333333,0.053333333333333,0.233333333333333,0.043333333333333,0.49,1.48,6.13666666666667,0.23,0.473333333333333,2019-12-13,65.32,20.3966666666667,9.02666666666667,5.25666666666667,0,2019-12-13,1.2,0,0,2019,12,2019,12,2019-12-14,CA,O,8.174,3.399,0.506,0,0.02247191011236,1
TAYLOR REEF,Central,Third,2/25/2020,2020-02-25,2020,2,S17.81295,E146.56712,40L,400g,0,NO,7.727,4.3864692541162,Northern Acropora,C,,y,MBM034,Diving,15:58:00,-5.35,-17.81295,146.56712,29.5250636111334,29.5456581515277,29.3594158789174,29.6336901844982,29.355203469265,29.6336901844982,34.6434561681998,34.6544981123623,34.5689118191483,34.7146261951958,34.5612002203844,34.7146261951958,0.369503333333333,0.37847,1.33619333333333,NA,0.061893333333333,75,0.023333333333333,NA,0.033333333333333,0.373333333333333,1.65333333333333,6.16666666666667,0.203333333333333,0.156666666666667,2020-02-25,82.625,5.035,7.355,4.985,0,2020-02-25,0.2,1.9,0,2020,2,2020,2,2020-02-26,IN,M,7.727,3.318,1.045,0,0.418181818181818,1
THETFORD REEF,Central,Third,2/15/2020,2020-02-15,2020,2,S16.77893,E146.19447,40L,400g,0,NO,14.36,15.8190037686222,Northern soft coral,O,,n,MBM027,Diving,16:15:00,-5.35,-16.77893,146.19447,30.4459308597307,30.41661213267,30.1395755252829,30.7540402041191,30.1322480532791,30.7540402041191,34.836129788789,34.8373838353032,34.8054452383325,34.8639555418498,34.8041238101617,34.8639555418498,0.1707,0.197366666666667,0.869523333333333,6.91444333333333,0.03987,60.5555566666667,0.033333333333333,1.04333333333333,0.06,0.636666666666667,2.04333333333333,5.77333333333333,0.16,0.21,2020-02-15,68.5333333333333,15.82,12.4133333333333,3.23333333333333,0,2020-02-15,1.46666666666667,0.866666666666667,0,2020,2,2020,2,2020-02-17,CA,M,14.36,12.5,1.105,0,0.209302325581395,2
